{"cameraMode":{"drawMode":0,"name":"Shaded","section":"Shading Mode"},"sceneLighting":false,"audioPlay":false,"sceneViewState":{"m_AlwaysRefresh":false,"showFog":true,"showSkybox":false,"showFlares":true,"showImageEffects":true,"showParticleSystems":true,"showVisualEffectGraphs":true,"m_FxEnabled":true},"in2DMode":false,"pivot":{"x":82.35979461669922,"y":24.493194580078126,"z":61.74933624267578},"rotation":{"x":0.0001909428247017786,"y":-1.0000674724578858,"z":0.012898706831037999,"w":0.0095858508720994},"size":0.7566372156143189,"orthographic":false}